{"cameraMode":{"drawMode":0,"name":"Shaded","section":"Shading Mode"},"sceneLighting":true,"audioPlay":false,"sceneViewState":{"m_AlwaysRefresh":false,"showFog":true,"showSkybox":true,"showFlares":true,"showImageEffects":true,"showParticleSystems":true,"showVisualEffectGraphs":true,"m_FxEnabled":true},"in2DMode":false,"pivot":{"x":4.359845161437988,"y":-1.7414038181304932,"z":16.761018753051759},"rotation":{"x":0.044848036020994189,"y":-0.21203911304473878,"z":0.00974053144454956,"w":0.9761847257614136},"size":0.6525481343269348,"orthographic":false}