{"cameraMode":{"drawMode":0,"name":"Shaded","section":"Shading Mode"},"sceneLighting":true,"audioPlay":false,"sceneViewState":{"m_AlwaysRefresh":false,"showFog":true,"showSkybox":true,"showFlares":true,"showImageEffects":true,"showParticleSystems":true,"showVisualEffectGraphs":true,"m_FxEnabled":true},"in2DMode":false,"pivot":{"x":1.5535165071487427,"y":-0.7692484855651856,"z":15.115591049194336},"rotation":{"x":-0.15723469853401185,"y":0.8410791754722595,"z":-0.3354394733905792,"w":-0.39418184757232668},"size":4.694276332855225,"orthographic":false}