{"cameraMode":{"drawMode":0,"name":"Shaded","section":"Shading Mode"},"sceneLighting":true,"audioPlay":false,"sceneViewState":{"m_AlwaysRefresh":false,"showFog":true,"showSkybox":true,"showFlares":true,"showImageEffects":true,"showParticleSystems":true,"showVisualEffectGraphs":true,"m_FxEnabled":true},"in2DMode":false,"pivot":{"x":6.084600925445557,"y":-0.8300159573554993,"z":9.79173755645752},"rotation":{"x":0.0026045148260891439,"y":-0.9971304535865784,"z":0.06380173563957215,"w":0.040701575577259067},"size":1.122348666191101,"orthographic":false}