{"cameraMode":{"drawMode":0,"name":"Shaded","section":"Shading Mode"},"sceneLighting":true,"audioPlay":false,"sceneViewState":{"m_AlwaysRefresh":false,"showFog":true,"showSkybox":true,"showFlares":true,"showImageEffects":true,"showParticleSystems":true,"showVisualEffectGraphs":true,"m_FxEnabled":true},"in2DMode":false,"pivot":{"x":15.841923713684082,"y":-9.581337928771973,"z":9.686546325683594},"rotation":{"x":0.44929927587509158,"y":-0.06689316779375076,"z":0.033761002123355868,"w":0.8902369737625122},"size":520.7389526367188,"orthographic":false}